filename,inst,image_type,condition,posture,metaid,r_iris_cx,r_iris_cy,r_iris_rx,r_iris_ry,l_iris_cx,l_iris_cy,l_iris_rx,l_iris_ry,r_pupil_cx,r_pupil_cy,r_pupil_rx,r_pupil_ry,l_pupil_cx,l_pupil_cy,l_pupil_rx,l_pupil_ry,head_yaw,head_pitch,head_roll,cam_x,cam_y,cam_z,gaze_point_x,gaze_point_y,cam_distance,display_distance
NIA22EYE_S1_161_T1_S03_L_rgb_A_C_T_017.png,L,rgb,A,C,161,990,707.5,9,8.5,895,705.5,9,8.5,,,,,,,,,0.0718,-0.4389,-0.2081,166.49,-86.78,-173.09,1344,105,77,77
NIA22EYE_S1_161_T1_S03_L_rgb_A_C_T_045.png,L,rgb,A,C,161,990,706.5,9,8.5,895.5,705,9.5,8,,,,,,,,,0.3699,-0.0032,-0.2165,166.4,-86.8,-173.46,1344,105,77,77
NIA22EYE_S1_161_T1_S03_L_rgb_A_C_T_050.png,L,rgb,A,C,161,990,706.5,9,8.5,895,704.5,9,8.5,,,,,,,,,0.3699,-0.0032,-0.2165,166.4,-86.8,-173.46,1344,105,77,77
NIA22EYE_S1_161_T1_S03_L_rgb_A_C_T_068.png,L,rgb,A,C,161,991,707,9,8,895.5,705,9.5,8,,,,,,,,,0.3699,-0.0032,-0.2165,166.4,-86.8,-173.46,1344,105,77,77
NIA22EYE_S1_161_T1_S03_L_rgb_A_C_T_082.png,L,rgb,A,C,161,989,706,9,8,894.5,705,9.5,8,,,,,,,,,0.3699,-0.0032,-0.2165,166.4,-86.8,-173.46,1344,105,77,77
NIA22EYE_S1_161_T1_S03_L_rgb_A_C_T_087.png,L,rgb,A,C,161,989,706,9,8,894,704.5,10,8.5,,,,,,,,,0.3699,-0.0032,-0.2165,166.4,-86.8,-173.46,1344,105,77,77
NIA22EYE_S1_161_T1_S03_L_rgb_A_C_T_089.png,L,rgb,A,C,161,988.5,705.5,8.5,8.5,894.5,704.5,9.5,8.5,,,,,,,,,0.3699,-0.0032,-0.2165,166.4,-86.8,-173.46,1344,105,77,77
NIA22EYE_S1_161_T1_S03_L_rgb_A_C_T_090.png,L,rgb,A,C,161,988.5,706,8.5,8,894.5,704.5,9.5,8.5,,,,,,,,,0.3699,-0.0032,-0.2165,166.4,-86.8,-173.46,1344,105,77,77
NIA22EYE_S1_161_T1_S03_L_rgb_A_C_T_096.png,L,rgb,A,C,161,988,705,9,8,893.5,704,9.5,8,,,,,,,,,0.3699,-0.0032,-0.2165,166.4,-86.8,-173.46,1344,105,77,77
NIA22EYE_S1_161_T1_S03_L_rgb_A_C_T_098.png,L,rgb,A,C,161,988,705,9,8,893.5,703.5,9.5,8.5,,,,,,,,,0.3699,-0.0032,-0.2165,166.4,-86.8,-173.46,1344,105,77,77
NIA22EYE_S1_161_T1_S03_L_rgb_A_C_T_104.png,L,rgb,A,C,161,987.5,704.5,9.5,8.5,893.5,703.5,9.5,8.5,,,,,,,,,0.3699,-0.0032,-0.2165,166.4,-86.8,-173.46,1344,105,77,77
NIA22EYE_S1_161_T1_S03_L_rgb_A_C_T_107.png,L,rgb,A,C,161,988,706,9,8,893.5,704.5,9.5,8.5,,,,,,,,,0.3699,-0.0032,-0.2165,166.4,-86.8,-173.46,1344,105,77,77
NIA22EYE_S1_161_T1_S03_L_rgb_A_C_T_110.png,L,rgb,A,C,161,,,,,,,,,,,,,,,,,0.3699,-0.0032,-0.2165,166.4,-86.8,-173.46,1344,105,77,77
NIA22EYE_S1_161_T1_S03_L_rgb_A_C_T_125.png,L,rgb,A,C,161,989,707,9,8,894,705.5,9,7.5,,,,,,,,,0.3699,-0.0032,-0.2165,166.4,-86.8,-173.46,1344,105,77,77
NIA22EYE_S1_161_T1_S03_L_rgb_A_C_T_126.png,L,rgb,A,C,161,989.5,707,9.5,8,893.5,705,8.5,8,,,,,,,,,0.3699,-0.0032,-0.2165,166.4,-86.8,-173.46,1344,105,77,77
NIA22EYE_S1_161_T1_S03_L_rgb_A_C_T_134.png,L,rgb,A,C,161,992,708.5,9,8.5,896.5,706.5,8.5,7.5,,,,,,,,,0.3699,-0.0032,-0.2165,166.4,-86.8,-173.46,1344,105,77,77
NIA22EYE_S1_161_T1_S03_L_rgb_A_C_T_174.png,L,rgb,A,C,161,991,705,9,8,896.5,704,9.5,8,,,,,,,,,0.3699,-0.0032,-0.2165,166.4,-86.8,-173.46,1344,105,77,77
NIA22EYE_S1_161_T1_S03_L_rgb_A_C_T_176.png,L,rgb,A,C,161,992,706,9,8,896,703.5,9,8.5,,,,,,,,,0.3699,-0.0032,-0.2165,166.4,-86.8,-173.46,1344,105,77,77
NIA22EYE_S1_161_T1_S03_L_rgb_A_C_T_189.png,L,rgb,A,C,161,991,705.5,9,7.5,896,703,9,8,,,,,,,,,0.3699,-0.0032,-0.2165,166.4,-86.8,-173.46,1344,105,77,77
NIA22EYE_S1_161_T1_S03_L_rgb_A_C_T_191.png,L,rgb,A,C,161,990.5,706.5,8.5,7.5,896.5,705,9.5,8,,,,,,,,,0.3699,-0.0032,-0.2165,166.4,-86.8,-173.46,1344,105,77,77
NIA22EYE_S1_161_T1_S03_L_rgb_A_C_T_202.png,L,rgb,A,C,161,992,707,9,8,896,704.5,9,7.5,,,,,,,,,0.3699,-0.0032,-0.2165,166.4,-86.8,-173.46,1344,105,77,77
NIA22EYE_S1_161_T1_S03_L_rgb_A_C_T_203.png,L,rgb,A,C,161,992,707.5,9,8.5,896,705,9,8,,,,,,,,,0.3699,-0.0032,-0.2165,166.4,-86.8,-173.46,1344,105,77,77
NIA22EYE_S1_161_T1_S03_L_rgb_A_C_T_209.png,L,rgb,A,C,161,993,708,9,8,898,705,9,8,,,,,,,,,0.3699,-0.0032,-0.2165,166.4,-86.8,-173.46,1344,105,77,77
NIA22EYE_S1_161_T1_S03_L_rgb_A_C_T_218.png,L,rgb,A,C,161,994.5,707.5,9.5,8.5,898,706,9,8,,,,,,,,,0.3699,-0.0032,-0.2165,166.4,-86.8,-173.46,1344,105,77,77
NIA22EYE_S1_161_T1_S03_L_rgb_A_C_T_221.png,L,rgb,A,C,161,993.5,708.5,9.5,8.5,897.5,705.5,8.5,8.5,,,,,,,,,0.3699,-0.0032,-0.2165,166.4,-86.8,-173.46,1344,105,77,77
NIA22EYE_S1_161_T1_S03_L_rgb_A_C_T_225.png,L,rgb,A,C,161,992.5,709.5,8.5,7.5,898,708,9,8,,,,,,,,,0.3699,-0.0032,-0.2165,166.4,-86.8,-173.46,1344,105,77,77
NIA22EYE_S1_161_T1_S03_L_rgb_A_C_T_237.png,L,rgb,A,C,161,993,707.5,9,8.5,898,706.5,9,8.5,,,,,,,,,0.3699,-0.0032,-0.2165,166.4,-86.8,-173.46,1344,105,77,77
NIA22EYE_S1_161_T1_S03_L_rgb_A_C_T_245.png,L,rgb,A,C,161,993,706.5,9,8.5,898.5,705,9.5,8,,,,,,,,,0.3699,-0.0032,-0.2165,166.4,-86.8,-173.46,1344,105,77,77
NIA22EYE_S1_161_T1_S03_L_rgb_A_C_T_248.png,L,rgb,A,C,161,992.5,706,8.5,8,897.5,704.5,9.5,8.5,,,,,,,,,0.3699,-0.0032,-0.2165,166.4,-86.8,-173.46,1344,105,77,77
NIA22EYE_S1_161_T1_S03_L_rgb_A_C_T_255.png,L,rgb,A,C,161,992,706,9,8,897,703,9,8,,,,,,,,,0.3699,-0.0032,-0.2165,166.4,-86.8,-173.46,1344,105,77,77
NIA22EYE_S1_161_T1_S03_L_rgb_A_C_T_257.png,L,rgb,A,C,161,992,706,9,8,896,704,9,8,,,,,,,,,0.3699,-0.0032,-0.2165,166.4,-86.8,-173.46,1344,105,77,77
NIA22EYE_S1_161_T1_S03_L_rgb_A_C_T_259.png,L,rgb,A,C,161,991.5,705,9.5,8,895.5,703,8.5,8,,,,,,,,,0.3699,-0.0032,-0.2165,166.4,-86.8,-173.46,1344,105,77,77
NIA22EYE_S1_161_T1_S03_L_rgb_A_C_T_275.png,L,rgb,A,C,161,990,705,9,8,896,704.5,10,8.5,,,,,,,,,0.3699,-0.0032,-0.2165,166.4,-86.8,-173.46,1344,105,77,77
NIA22EYE_S1_161_T1_S03_L_rgb_A_C_T_293.png,L,rgb,A,C,161,994,707,9,8,898.5,704.5,9.5,8.5,,,,,,,,,0.3699,-0.0032,-0.2165,166.4,-86.8,-173.46,1344,105,77,77
NIA22EYE_S1_161_T1_S03_L_rgb_A_C_T_297.png,L,rgb,A,C,161,993,706.5,9,8.5,899,704.5,9,8.5,,,,,,,,,0.3699,-0.0032,-0.2165,166.4,-86.8,-173.46,1344,105,77,77
NIA22EYE_S1_161_T1_S03_L_rgb_A_C_T_320.png,L,rgb,A,C,161,992.5,707,8.5,8,897,705,9,8,,,,,,,,,0.3699,-0.0032,-0.2165,166.4,-86.8,-173.46,1344,105,77,77
NIA22EYE_S1_161_T1_S03_L_rgb_A_C_T_323.png,L,rgb,A,C,161,991.5,707,8.5,8,896.5,704.5,8.5,7.5,,,,,,,,,0.3699,-0.0032,-0.2165,166.4,-86.8,-173.46,1344,105,77,77
NIA22EYE_S1_161_T1_S03_L_rgb_A_D_T_005.png,L,rgb,A,D,161,981.5,700.5,9.5,8.5,877.5,699,9.5,9,,,,,,,,,-0.4593,0.4604,-0.0986,165.32,-86.92,-172.16,960,840,71,71
NIA22EYE_S1_161_T1_S03_L_rgb_A_D_T_007.png,L,rgb,A,D,161,981.5,702.5,9.5,8.5,879.5,701.5,9.5,8.5,,,,,,,,,-1.053,0.0793,-0.0917,165.7,-86.82,-172.6,960,840,71,71
NIA22EYE_S1_161_T1_S03_L_rgb_A_D_T_013.png,L,rgb,A,D,161,980.5,700.5,9.5,8.5,876.5,698.5,9.5,8.5,,,,,,,,,-0.4616,-0.0186,-0.1016,165.75,-86.83,-172.67,960,840,71,71
NIA22EYE_S1_161_T1_S03_L_rgb_A_D_T_032.png,L,rgb,A,D,161,980.5,701,9.5,9,877.5,699,10.5,9,,,,,,,,,0.1713,0.7783,-0.1012,165.48,-86.8,-172.33,960,840,71,71
NIA22EYE_S1_161_T1_S03_L_rgb_A_D_T_042.png,L,rgb,A,D,161,982,701,10,9,880.5,698,10.5,9,,,,,,,,,-1.2928,-0.8594,-0.0607,165.68,-86.82,-172.37,960,840,71,71
NIA22EYE_S1_161_T1_S03_L_rgb_A_D_T_043.png,L,rgb,A,D,161,982,700.5,10,8.5,880,698,10,9,,,,,,,,,-1.2928,-0.8594,-0.0607,165.68,-86.82,-172.37,960,840,71,71
NIA22EYE_S1_161_T1_S03_L_rgb_A_D_T_061.png,L,rgb,A,D,161,981.5,698,9.5,9,879.5,697,9.5,9,,,,,,,,,-1.2928,-0.8594,-0.0607,165.68,-86.82,-172.37,960,840,71,71
NIA22EYE_S1_161_T1_S03_L_rgb_A_D_T_069.png,L,rgb,A,D,161,980,699,10,9,877.5,697,10.5,9,,,,,,,,,-1.2928,-0.8594,-0.0607,165.68,-86.82,-172.37,960,840,71,71
NIA22EYE_S1_161_T1_S03_L_rgb_A_D_T_079.png,L,rgb,A,D,161,980,699,10,9,877,698,10,9,,,,,,,,,-1.2928,-0.8594,-0.0607,165.68,-86.82,-172.37,960,840,71,71
NIA22EYE_S1_161_T1_S03_L_rgb_A_D_T_082.png,L,rgb,A,D,161,980,700,10,9,877,697.5,10,8.5,,,,,,,,,-1.2928,-0.8594,-0.0607,165.68,-86.82,-172.37,960,840,71,71
NIA22EYE_S1_161_T1_S03_L_rgb_A_D_T_083.png,L,rgb,A,D,161,979.5,700,9.5,9,876.5,698,10.5,9,,,,,,,,,-1.2928,-0.8594,-0.0607,165.68,-86.82,-172.37,960,840,71,71
NIA22EYE_S1_161_T1_S03_L_rgb_A_D_T_086.png,L,rgb,A,D,161,979,700,10,9,877.5,698,10.5,9,,,,,,,,,-1.2928,-0.8594,-0.0607,165.68,-86.82,-172.37,960,840,71,71
NIA22EYE_S1_161_T1_S03_L_rgb_A_D_T_094.png,L,rgb,A,D,161,980,700,10,9,877,698,10,9,,,,,,,,,-1.2928,-0.8594,-0.0607,165.68,-86.82,-172.37,960,840,71,71
NIA22EYE_S1_161_T1_S03_L_rgb_A_D_T_095.png,L,rgb,A,D,161,980,700,10,9,877.5,698,10.5,9,,,,,,,,,-1.2928,-0.8594,-0.0607,165.68,-86.82,-172.37,960,840,71,71
NIA22EYE_S1_161_T1_S03_L_rgb_A_D_T_103.png,L,rgb,A,D,161,980.5,700,9.5,9,877,698,10,9,,,,,,,,,-1.2928,-0.8594,-0.0607,165.68,-86.82,-172.37,960,840,71,71
NIA22EYE_S1_161_T1_S03_L_rgb_A_D_T_115.png,L,rgb,A,D,161,980.5,700.5,9.5,8.5,878,700,10,8,,,,,,,,,-1.2928,-0.8594,-0.0607,165.68,-86.82,-172.37,960,840,71,71
NIA22EYE_S1_161_T1_S03_L_rgb_A_D_T_116.png,L,rgb,A,D,161,980.5,701,9.5,9,877.5,698.5,9.5,8.5,,,,,,,,,-1.2928,-0.8594,-0.0607,165.68,-86.82,-172.37,960,840,71,71
NIA22EYE_S1_161_T1_S03_L_rgb_A_D_T_143.png,L,rgb,A,D,161,980.5,699.5,10.5,9.5,880,697,10,9,,,,,,,,,-1.2928,-0.8594,-0.0607,165.68,-86.82,-172.37,960,840,71,71
NIA22EYE_S1_161_T1_S03_L_rgb_A_D_T_148.png,L,rgb,A,D,161,,,,,,,,,,,,,,,,,-1.2928,-0.8594,-0.0607,165.68,-86.82,-172.37,960,840,71,71
NIA22EYE_S1_161_T1_S03_L_rgb_A_D_T_154.png,L,rgb,A,D,161,981,699.5,9,8.5,877,698,10,9,,,,,,,,,-1.2928,-0.8594,-0.0607,165.68,-86.82,-172.37,960,840,71,71
NIA22EYE_S1_161_T1_S03_L_rgb_A_D_T_156.png,L,rgb,A,D,161,980,700,10,9,877,698.5,10,8.5,,,,,,,,,-1.2928,-0.8594,-0.0607,165.68,-86.82,-172.37,960,840,71,71
NIA22EYE_S1_161_T1_S03_L_rgb_A_D_T_162.png,L,rgb,A,D,161,979.5,700,9.5,9,876,698.5,10,8.5,,,,,,,,,-1.2928,-0.8594,-0.0607,165.68,-86.82,-172.37,960,840,71,71
NIA22EYE_S1_161_T1_S03_L_rgb_A_D_T_177.png,L,rgb,A,D,161,980,701,10,9,876,699,10,9,,,,,,,,,-1.2928,-0.8594,-0.0607,165.68,-86.82,-172.37,960,840,71,71
NIA22EYE_S1_161_T1_S03_L_rgb_A_D_T_184.png,L,rgb,A,D,161,980,701.5,10,8.5,876,699.5,10,8.5,,,,,,,,,-1.2928,-0.8594,-0.0607,165.68,-86.82,-172.37,960,840,71,71
NIA22EYE_S1_161_T1_S03_L_rgb_A_D_T_185.png,L,rgb,A,D,161,980,701,10,9,876,699.5,10,8.5,,,,,,,,,-1.2928,-0.8594,-0.0607,165.68,-86.82,-172.37,960,840,71,71
NIA22EYE_S1_161_T1_S03_L_rgb_A_D_T_200.png,L,rgb,A,D,161,,,,,,,,,,,,,,,,,-1.2928,-0.8594,-0.0607,165.68,-86.82,-172.37,960,840,71,71
NIA22EYE_S1_161_T1_S03_L_rgb_A_D_T_214.png,L,rgb,A,D,161,983.5,701.5,9.5,8.5,880,699.5,10,8.5,,,,,,,,,-1.2928,-0.8594,-0.0607,165.68,-86.82,-172.37,960,840,71,71
NIA22EYE_S1_161_T1_S03_L_rgb_A_D_T_223.png,L,rgb,A,D,161,981.5,701,10.5,9,880,699,10,9,,,,,,,,,-1.2928,-0.8594,-0.0607,165.68,-86.82,-172.37,960,840,71,71
NIA22EYE_S1_161_T1_S03_L_rgb_A_D_T_234.png,L,rgb,A,D,161,982.5,700,9.5,9,878,698.5,10,8.5,,,,,,,,,-1.2928,-0.8594,-0.0607,165.68,-86.82,-172.37,960,840,71,71
NIA22EYE_S1_161_T1_S03_L_rgb_A_D_T_235.png,L,rgb,A,D,161,981.5,700,9.5,9,878.5,699,9.5,9,,,,,,,,,-1.2928,-0.8594,-0.0607,165.68,-86.82,-172.37,960,840,71,71
NIA22EYE_S1_161_T1_S03_L_rgb_A_D_T_237.png,L,rgb,A,D,161,981.5,700,9.5,9,878,699,10,9,,,,,,,,,-1.2928,-0.8594,-0.0607,165.68,-86.82,-172.37,960,840,71,71
NIA22EYE_S1_161_T1_S03_L_rgb_A_D_T_246.png,L,rgb,A,D,161,980,702,10,9,876,699.5,10,8.5,,,,,,,,,-1.2928,-0.8594,-0.0607,165.68,-86.82,-172.37,960,840,71,71
NIA22EYE_S1_161_T1_S03_L_rgb_A_D_T_247.png,L,rgb,A,D,161,979,702,10,9,876,700,10,9,,,,,,,,,-1.2928,-0.8594,-0.0607,165.68,-86.82,-172.37,960,840,71,71
NIA22EYE_S1_161_T1_S03_L_rgb_A_D_T_262.png,L,rgb,A,D,161,980,702,10,9,877,700,10,9,,,,,,,,,-1.2928,-0.8594,-0.0607,165.68,-86.82,-172.37,960,840,71,71
NIA22EYE_S1_161_T1_S03_L_rgb_A_D_T_277.png,L,rgb,A,D,161,978.5,702,9.5,9,876.5,701,10.5,9,,,,,,,,,-1.2928,-0.8594,-0.0607,165.68,-86.82,-172.37,960,840,71,71
NIA22EYE_S1_161_T1_S03_L_rgb_A_D_T_320.png,L,rgb,A,D,161,981,701,10,9,877.5,699,10.5,9,,,,,,,,,-1.2928,-0.8594,-0.0607,165.68,-86.82,-172.37,960,840,71,71
NIA22EYE_S1_161_T1_S03_L_rgb_A_E_T_007.png,L,rgb,A,E,161,967.5,677,9.5,9,866.5,675.5,9.5,8.5,,,,,,,,,2.045,0.5723,-0.2173,166.89,-86.77,-173.65,768,210,71,71
NIA22EYE_S1_161_T1_S03_L_rgb_A_E_T_024.png,L,rgb,A,E,161,968,680.5,9,8.5,867,679,10,9,,,,,,,,,-0.2503,1.3278,-0.1831,166.65,-86.77,-173.43,768,210,71,71
NIA22EYE_S1_161_T1_S03_L_rgb_A_E_T_040.png,L,rgb,A,E,161,967.5,680,9.5,9,866,679,10,9,,,,,,,,,0.2667,-0.1139,-0.3684,166.84,-86.78,-173.56,768,210,71,71
NIA22EYE_S1_161_T1_S03_L_rgb_A_E_T_045.png,L,rgb,A,E,161,966,680,10,9,865.5,679,10.5,9,,,,,,,,,0.2667,-0.1139,-0.3684,166.84,-86.78,-173.56,768,210,71,71
NIA22EYE_S1_161_T1_S03_L_rgb_A_E_T_078.png,L,rgb,A,E,161,969.5,679.5,9.5,8.5,868.5,677.5,10.5,8.5,,,,,,,,,0.2667,-0.1139,-0.3684,166.84,-86.78,-173.56,768,210,71,71
NIA22EYE_S1_161_T1_S03_L_rgb_A_E_T_089.png,L,rgb,A,E,161,,,,,,,,,,,,,,,,,0.2667,-0.1139,-0.3684,166.84,-86.78,-173.56,768,210,71,71
NIA22EYE_S1_161_T1_S03_L_rgb_A_E_T_090.png,L,rgb,A,E,161,,,,,,,,,,,,,,,,,0.2667,-0.1139,-0.3684,166.84,-86.78,-173.56,768,210,71,71
NIA22EYE_S1_161_T1_S03_L_rgb_A_E_T_097.png,L,rgb,A,E,161,968,679,9,8,867,677.5,10,8.5,,,,,,,,,0.2667,-0.1139,-0.3684,166.84,-86.78,-173.56,768,210,71,71
NIA22EYE_S1_161_T1_S03_L_rgb_A_E_T_128.png,L,rgb,A,E,161,968.5,680.5,9.5,8.5,866.5,679,9.5,8,,,,,,,,,0.2667,-0.1139,-0.3684,166.84,-86.78,-173.56,768,210,71,71
NIA22EYE_S1_161_T1_S03_L_rgb_A_E_T_130.png,L,rgb,A,E,161,968.5,679.5,9.5,8.5,866,678.5,10,8.5,,,,,,,,,0.2667,-0.1139,-0.3684,166.84,-86.78,-173.56,768,210,71,71
NIA22EYE_S1_161_T1_S03_L_rgb_A_E_T_139.png,L,rgb,A,E,161,967,680.5,9,8.5,865.5,679.5,9.5,8.5,,,,,,,,,0.2667,-0.1139,-0.3684,166.84,-86.78,-173.56,768,210,71,71
NIA22EYE_S1_161_T1_S03_L_rgb_A_E_T_149.png,L,rgb,A,E,161,970,681.5,10,8.5,867.5,679.5,9.5,8.5,,,,,,,,,0.2667,-0.1139,-0.3684,166.84,-86.78,-173.56,768,210,71,71
NIA22EYE_S1_161_T1_S03_L_rgb_A_E_T_166.png,L,rgb,A,E,161,972,680.5,9,8.5,872.5,678.5,9.5,8.5,,,,,,,,,0.2667,-0.1139,-0.3684,166.84,-86.78,-173.56,768,210,71,71
NIA22EYE_S1_161_T1_S03_L_rgb_A_E_T_168.png,L,rgb,A,E,161,972,678.5,9,8.5,871,676,9,9,,,,,,,,,0.2667,-0.1139,-0.3684,166.84,-86.78,-173.56,768,210,71,71
NIA22EYE_S1_161_T1_S03_L_rgb_A_E_T_169.png,L,rgb,A,E,161,971,678.5,9,8.5,871,676,9,9,,,,,,,,,0.2667,-0.1139,-0.3684,166.84,-86.78,-173.56,768,210,71,71
NIA22EYE_S1_161_T1_S03_L_rgb_A_E_T_170.png,L,rgb,A,E,161,971,678.5,9,8.5,871,675.5,9,8.5,,,,,,,,,0.2667,-0.1139,-0.3684,166.84,-86.78,-173.56,768,210,71,71
NIA22EYE_S1_161_T1_S03_L_rgb_A_E_T_178.png,L,rgb,A,E,161,969,677.5,9,8.5,867.5,677,9.5,9,,,,,,,,,0.2667,-0.1139,-0.3684,166.84,-86.78,-173.56,768,210,71,71
NIA22EYE_S1_161_T1_S03_L_rgb_A_E_T_181.png,L,rgb,A,E,161,968,677.5,9,8.5,866.5,676.5,9.5,8.5,,,,,,,,,0.2667,-0.1139,-0.3684,166.84,-86.78,-173.56,768,210,71,71
NIA22EYE_S1_161_T1_S03_L_rgb_A_E_T_183.png,L,rgb,A,E,161,967,678.5,9,8.5,866,677,10,9,,,,,,,,,0.2667,-0.1139,-0.3684,166.84,-86.78,-173.56,768,210,71,71
NIA22EYE_S1_161_T1_S03_L_rgb_A_E_T_185.png,L,rgb,A,E,161,966.5,678,9.5,9,865.5,677.5,9.5,8.5,,,,,,,,,0.2667,-0.1139,-0.3684,166.84,-86.78,-173.56,768,210,71,71
NIA22EYE_S1_161_T1_S03_L_rgb_A_E_T_194.png,L,rgb,A,E,161,967,680.5,9,8.5,866,680,10,9,,,,,,,,,0.2667,-0.1139,-0.3684,166.84,-86.78,-173.56,768,210,71,71
NIA22EYE_S1_161_T1_S03_L_rgb_A_E_T_198.png,L,rgb,A,E,161,967.5,681,9.5,9,866,680.5,10,8.5,,,,,,,,,0.2667,-0.1139,-0.3684,166.84,-86.78,-173.56,768,210,71,71
NIA22EYE_S1_161_T1_S03_L_rgb_A_E_T_200.png,L,rgb,A,E,161,968,681.5,9,8.5,865.5,680,9.5,9,,,,,,,,,0.2667,-0.1139,-0.3684,166.84,-86.78,-173.56,768,210,71,71
NIA22EYE_S1_161_T1_S03_L_rgb_A_E_T_202.png,L,rgb,A,E,161,968.5,680.5,9.5,8.5,866.5,680.5,9.5,8.5,,,,,,,,,0.2667,-0.1139,-0.3684,166.84,-86.78,-173.56,768,210,71,71
NIA22EYE_S1_161_T1_S03_L_rgb_A_E_T_208.png,L,rgb,A,E,161,968,681,9,8,866.5,679,9.5,9,,,,,,,,,0.2667,-0.1139,-0.3684,166.84,-86.78,-173.56,768,210,71,71
NIA22EYE_S1_161_T1_S03_L_rgb_A_E_T_214.png,L,rgb,A,E,161,968.5,680.5,9.5,8.5,866.5,679.5,9.5,8.5,,,,,,,,,0.2667,-0.1139,-0.3684,166.84,-86.78,-173.56,768,210,71,71
NIA22EYE_S1_161_T1_S03_L_rgb_A_E_T_236.png,L,rgb,A,E,161,967.5,680.5,9.5,8.5,865,680,10,9,,,,,,,,,0.2667,-0.1139,-0.3684,166.84,-86.78,-173.56,768,210,71,71
NIA22EYE_S1_161_T1_S03_L_rgb_A_E_T_246.png,L,rgb,A,E,161,967.5,680,9.5,9,865.5,679,9.5,9,,,,,,,,,0.2667,-0.1139,-0.3684,166.84,-86.78,-173.56,768,210,71,71
NIA22EYE_S1_161_T1_S03_L_rgb_A_E_T_251.png,L,rgb,A,E,161,968,679.5,9,8.5,865,679,10,9,,,,,,,,,0.2667,-0.1139,-0.3684,166.84,-86.78,-173.56,768,210,71,71
NIA22EYE_S1_161_T1_S03_L_rgb_A_E_T_252.png,L,rgb,A,E,161,968,679.5,9,8.5,866,678.5,10,8.5,,,,,,,,,0.2667,-0.1139,-0.3684,166.84,-86.78,-173.56,768,210,71,71
NIA22EYE_S1_161_T1_S03_L_rgb_A_E_T_255.png,L,rgb,A,E,161,966.5,680,9.5,9,865.5,679,10.5,9,,,,,,,,,0.2667,-0.1139,-0.3684,166.84,-86.78,-173.56,768,210,71,71
NIA22EYE_S1_161_T1_S03_L_rgb_A_E_T_257.png,L,rgb,A,E,161,967,679.5,9,8.5,865.5,678,9.5,9,,,,,,,,,0.2667,-0.1139,-0.3684,166.84,-86.78,-173.56,768,210,71,71
NIA22EYE_S1_161_T1_S03_L_rgb_A_E_T_263.png,L,rgb,A,E,161,966,680,10,9,865.5,679,10.5,9,,,,,,,,,0.2667,-0.1139,-0.3684,166.84,-86.78,-173.56,768,210,71,71
NIA22EYE_S1_161_T1_S03_L_rgb_A_E_T_280.png,L,rgb,A,E,161,965,680,9,9,863,679,10,9,,,,,,,,,0.2667,-0.1139,-0.3684,166.84,-86.78,-173.56,768,210,71,71
NIA22EYE_S1_161_T1_S03_L_rgb_A_E_T_284.png,L,rgb,A,E,161,965,679.5,9,8.5,862.5,679.5,9.5,8.5,,,,,,,,,0.2667,-0.1139,-0.3684,166.84,-86.78,-173.56,768,210,71,71
NIA22EYE_S1_161_T1_S03_L_rgb_A_E_T_285.png,L,rgb,A,E,161,964.5,680.5,9.5,8.5,863,679,10,9,,,,,,,,,0.2667,-0.1139,-0.3684,166.84,-86.78,-173.56,768,210,71,71
NIA22EYE_S1_161_T1_S03_L_rgb_A_E_T_301.png,L,rgb,A,E,161,964.5,686,8.5,8,866.5,685.5,9.5,8.5,,,,,,,,,0.2667,-0.1139,-0.3684,166.84,-86.78,-173.56,768,210,71,71
NIA22EYE_S1_161_T1_S03_L_rgb_A_E_T_308.png,L,rgb,A,E,161,963,680.5,10,8.5,863,680,10,9,,,,,,,,,0.2667,-0.1139,-0.3684,166.84,-86.78,-173.56,768,210,71,71
NIA22EYE_S1_161_T1_S03_L_rgb_A_E_T_311.png,L,rgb,A,E,161,964.5,680.5,9.5,8.5,863,680,10,9,,,,,,,,,0.2667,-0.1139,-0.3684,166.84,-86.78,-173.56,768,210,71,71
NIA22EYE_S1_161_T1_S03_L_rgb_A_E_T_313.png,L,rgb,A,E,161,964.5,683.5,9.5,8.5,863.5,683,9.5,8,,,,,,,,,0.2667,-0.1139,-0.3684,166.84,-86.78,-173.56,768,210,71,71
NIA22EYE_S1_161_T1_S03_L_rgb_A_F_T_003.png,L,rgb,A,F,161,1026,539.5,13,12.5,884.5,539,14.5,13,,,,,,,,,1.6356,0.1513,-0.2106,-152.21,-83.96,-145.87,306,279,50,50
NIA22EYE_S1_161_T1_S03_L_rgb_A_F_T_018.png,L,rgb,A,F,161,,,,,,,,,,,,,,,,,-1.1967,0.2524,-0.1679,-152.31,-83.95,-145.77,306,279,50,50
NIA22EYE_S1_161_T1_S03_L_rgb_A_F_T_028.png,L,rgb,A,F,161,1025.5,540.5,13.5,12.5,884,539.5,14,12.5,,,,,,,,,2.0269,0.1448,-0.2408,-152.32,-83.94,-145.75,306,279,50,50
NIA22EYE_S1_161_T1_S03_L_rgb_A_F_T_029.png,L,rgb,A,F,161,1025,541,13,12,883.5,540,13.5,12,,,,,,,,,1.8003,0.1399,-0.2252,-152.31,-83.95,-145.77,306,279,50,50
NIA22EYE_S1_161_T1_S03_L_rgb_A_F_T_038.png,L,rgb,A,F,161,1025.5,541.5,13.5,12.5,884,540.5,14,12.5,,,,,,,,,-4.8899,1.4822,-0.2177,-152.42,-83.95,-145.53,306,279,50,50
NIA22EYE_S1_161_T1_S03_L_rgb_A_F_T_041.png,L,rgb,A,F,161,1026,541.5,13,12.5,885,541,14,13,,,,,,,,,-4.8899,1.4822,-0.2177,-152.42,-83.95,-145.53,306,279,50,50
NIA22EYE_S1_161_T1_S03_L_rgb_A_F_T_046.png,L,rgb,A,F,161,1026,542,13,12,884,540.5,14,12.5,,,,,,,,,-4.8899,1.4822,-0.2177,-152.42,-83.95,-145.53,306,279,50,50
NIA22EYE_S1_161_T1_S03_L_rgb_A_F_T_058.png,L,rgb,A,F,161,1025.5,542.5,13.5,12.5,883.5,542,14.5,13,,,,,,,,,-4.8899,1.4822,-0.2177,-152.42,-83.95,-145.53,306,279,50,50
NIA22EYE_S1_161_T1_S03_L_rgb_A_F_T_069.png,L,rgb,A,F,161,1025.5,542,13.5,13,883.5,541.5,14.5,12.5,,,,,,,,,-4.8899,1.4822,-0.2177,-152.42,-83.95,-145.53,306,279,50,50
NIA22EYE_S1_161_T1_S03_L_rgb_A_F_T_070.png,L,rgb,A,F,161,1025.5,542.5,13.5,12.5,883.5,542,14.5,13,,,,,,,,,-4.8899,1.4822,-0.2177,-152.42,-83.95,-145.53,306,279,50,50
NIA22EYE_S1_161_T1_S03_L_rgb_A_F_T_096.png,L,rgb,A,F,161,1024.5,545.5,12.5,11.5,882.5,544.5,13.5,12.5,,,,,,,,,-4.8899,1.4822,-0.2177,-152.42,-83.95,-145.53,306,279,50,50
NIA22EYE_S1_161_T1_S03_L_rgb_A_F_T_100.png,L,rgb,A,F,161,1024.5,543.5,13.5,12.5,882,543,15,13,,,,,,,,,-4.8899,1.4822,-0.2177,-152.42,-83.95,-145.53,306,279,50,50
NIA22EYE_S1_161_T1_S03_L_rgb_A_F_T_104.png,L,rgb,A,F,161,1024.5,544.5,13.5,12.5,881.5,543.5,14.5,12.5,,,,,,,,,-4.8899,1.4822,-0.2177,-152.42,-83.95,-145.53,306,279,50,50
NIA22EYE_S1_161_T1_S03_L_rgb_A_F_T_109.png,L,rgb,A,F,161,1023.5,544.5,13.5,12.5,882,544,14,13,,,,,,,,,-4.8899,1.4822,-0.2177,-152.42,-83.95,-145.53,306,279,50,50
NIA22EYE_S1_161_T1_S03_L_rgb_A_F_T_125.png,L,rgb,A,F,161,1023.5,545.5,13.5,12.5,882,544.5,14,12.5,,,,,,,,,-4.8899,1.4822,-0.2177,-152.42,-83.95,-145.53,306,279,50,50
NIA22EYE_S1_161_T1_S03_L_rgb_A_F_T_140.png,L,rgb,A,F,161,1023.5,545.5,13.5,12.5,882,545,14,13,,,,,,,,,-4.8899,1.4822,-0.2177,-152.42,-83.95,-145.53,306,279,50,50
NIA22EYE_S1_161_T1_S03_L_rgb_A_F_T_161.png,L,rgb,A,F,161,1023.5,546.5,13.5,12.5,882,545.5,14,12.5,,,,,,,,,-4.8899,1.4822,-0.2177,-152.42,-83.95,-145.53,306,279,50,50
NIA22EYE_S1_161_T1_S03_L_rgb_A_F_T_164.png,L,rgb,A,F,161,1024,546.5,13,12.5,881.5,544.5,13.5,12.5,,,,,,,,,-4.8899,1.4822,-0.2177,-152.42,-83.95,-145.53,306,279,50,50
NIA22EYE_S1_161_T1_S03_L_rgb_A_F_T_166.png,L,rgb,A,F,161,1024,545.5,13,12.5,882,545.5,14,12.5,,,,,,,,,-4.8899,1.4822,-0.2177,-152.42,-83.95,-145.53,306,279,50,50
NIA22EYE_S1_161_T1_S03_L_rgb_A_F_T_170.png,L,rgb,A,F,161,1023.5,544.5,13.5,12.5,881.5,545,14.5,13,,,,,,,,,-4.8899,1.4822,-0.2177,-152.42,-83.95,-145.53,306,279,50,50
NIA22EYE_S1_161_T1_S03_L_rgb_A_F_T_180.png,L,rgb,A,F,161,1023,546.5,13,12.5,881,545.5,14,12.5,,,,,,,,,-4.8899,1.4822,-0.2177,-152.42,-83.95,-145.53,306,279,50,50
NIA22EYE_S1_161_T1_S03_L_rgb_A_F_T_205.png,L,rgb,A,F,161,1023.5,550.5,13.5,12.5,881.5,550,14.5,13,,,,,,,,,-4.8899,1.4822,-0.2177,-152.42,-83.95,-145.53,306,279,50,50
NIA22EYE_S1_161_T1_S03_L_rgb_A_F_T_209.png,L,rgb,A,F,161,1023.5,550.5,13.5,12.5,881,550,14,13,,,,,,,,,-4.8899,1.4822,-0.2177,-152.42,-83.95,-145.53,306,279,50,50
NIA22EYE_S1_161_T1_S03_L_rgb_A_F_T_221.png,L,rgb,A,F,161,1023.5,549,13.5,13,881,549,14,13,,,,,,,,,-4.8899,1.4822,-0.2177,-152.42,-83.95,-145.53,306,279,50,50
NIA22EYE_S1_161_T1_S03_L_rgb_A_F_T_238.png,L,rgb,A,F,161,1022.5,549.5,13.5,12.5,880,549.5,14,12.5,,,,,,,,,-4.8899,1.4822,-0.2177,-152.42,-83.95,-145.53,306,279,50,50
NIA22EYE_S1_161_T1_S03_L_rgb_A_F_T_241.png,L,rgb,A,F,161,1022,549.5,14,12.5,880,549,14,13,,,,,,,,,-4.8899,1.4822,-0.2177,-152.42,-83.95,-145.53,306,279,50,50
NIA22EYE_S1_161_T1_S03_L_rgb_A_F_T_249.png,L,rgb,A,F,161,1021.5,549.5,13.5,12.5,880,549.5,14,12.5,,,,,,,,,-4.8899,1.4822,-0.2177,-152.42,-83.95,-145.53,306,279,50,50
NIA22EYE_S1_161_T1_S03_L_rgb_A_F_T_251.png,L,rgb,A,F,161,1021.5,549.5,13.5,12.5,879.5,549,14.5,13,,,,,,,,,-4.8899,1.4822,-0.2177,-152.42,-83.95,-145.53,306,279,50,50
NIA22EYE_S1_161_T1_S03_L_rgb_A_F_T_257.png,L,rgb,A,F,161,1021,550.5,13,12.5,879.5,549,14.5,13,,,,,,,,,-4.8899,1.4822,-0.2177,-152.42,-83.95,-145.53,306,279,50,50
NIA22EYE_S1_161_T1_S03_L_rgb_A_F_T_275.png,L,rgb,A,F,161,1021.5,550,13.5,13,878.5,550.5,14.5,13.5,,,,,,,,,-4.8899,1.4822,-0.2177,-152.42,-83.95,-145.53,306,279,50,50
NIA22EYE_S1_161_T1_S03_L_rgb_A_F_T_279.png,L,rgb,A,F,161,1020.5,551.5,13.5,12.5,878.5,551.5,14.5,13.5,,,,,,,,,-4.8899,1.4822,-0.2177,-152.42,-83.95,-145.53,306,279,50,50
NIA22EYE_S1_161_T1_S03_L_rgb_A_F_T_290.png,L,rgb,A,F,161,1021.5,552.5,13.5,12.5,879.5,552,14.5,13,,,,,,,,,-4.8899,1.4822,-0.2177,-152.42,-83.95,-145.53,306,279,50,50
NIA22EYE_S1_161_T1_S03_L_rgb_A_F_T_293.png,L,rgb,A,F,161,1020.5,552,13.5,13,878.5,552,14.5,13,,,,,,,,,-4.8899,1.4822,-0.2177,-152.42,-83.95,-145.53,306,279,50,50
NIA22EYE_S1_161_T1_S03_L_rgb_A_F_T_294.png,L,rgb,A,F,161,1020.5,552,13.5,13,878.5,552.5,14.5,13.5,,,,,,,,,-4.8899,1.4822,-0.2177,-152.42,-83.95,-145.53,306,279,50,50
NIA22EYE_S1_161_T1_S03_L_rgb_A_F_T_312.png,L,rgb,A,F,161,1020.5,552.5,13.5,12.5,878.5,553,14.5,13,,,,,,,,,-4.8899,1.4822,-0.2177,-152.42,-83.95,-145.53,306,279,50,50
NIA22EYE_S1_161_T1_S03_L_rgb_A_F_T_323.png,L,rgb,A,F,161,1021.5,551.5,13.5,12.5,878.5,552.5,14.5,12.5,,,,,,,,,-4.8899,1.4822,-0.2177,-152.42,-83.95,-145.53,306,279,50,50
NIA22EYE_S1_161_T1_S03_L_rgb_A_F_T_330.png,L,rgb,A,F,161,1021.5,551.5,13.5,12.5,879.5,552,14.5,13,,,,,,,,,-4.8899,1.4822,-0.2177,-152.42,-83.95,-145.53,306,279,50,50
NIA22EYE_S1_161_T1_S03_L_rgb_A_T_T_002.png,L,rgb,A,T,161,968.5,684.5,9.5,9.5,865.5,680,9.5,9,,,,,,,,,4.4442,1.6712,-0.1761,166.35,-86.8,-172.76,1728,630,72,72
NIA22EYE_S1_161_T1_S03_L_rgb_A_T_T_006.png,L,rgb,A,T,161,967,686,10,9,864.5,682.5,9.5,8.5,,,,,,,,,2.7717,0.6969,-0.1362,166.67,-86.78,-173.09,1728,630,72,72
NIA22EYE_S1_161_T1_S03_L_rgb_A_T_T_007.png,L,rgb,A,T,161,967.5,687.5,9.5,8.5,863,684.5,10,8.5,,,,,,,,,2.9835,0.2301,-0.1393,166.45,-86.82,-172.84,1728,630,72,72
NIA22EYE_S1_161_T1_S03_L_rgb_A_T_T_016.png,L,rgb,A,T,161,965.5,688,9.5,9,864,685,10,8,,,,,,,,,3.6664,0.5828,-0.1577,166.38,-86.75,-172.83,1728,630,72,72
NIA22EYE_S1_161_T1_S03_L_rgb_A_T_T_018.png,L,rgb,A,T,161,964.5,686,9.5,9,863,684.5,10,8.5,,,,,,,,,3.023,0.9707,-0.1611,166.55,-86.76,-173,1728,630,72,72
NIA22EYE_S1_161_T1_S03_L_rgb_A_T_T_024.png,L,rgb,A,T,161,965.5,686.5,9.5,8.5,863,685,10,9,,,,,,,,,2.8601,1.2273,-0.1564,166.33,-86.76,-172.81,1728,630,72,72
NIA22EYE_S1_161_T1_S03_L_rgb_A_T_T_032.png,L,rgb,A,T,161,965.5,686.5,9.5,8.5,862,684.5,10,8.5,,,,,,,,,2.0555,0.884,-0.1677,166.25,-86.78,-172.75,1728,630,72,72
NIA22EYE_S1_161_T1_S03_L_rgb_A_T_T_034.png,L,rgb,A,T,161,965.5,686.5,9.5,8.5,862.5,684,9.5,9,,,,,,,,,-9.3805,-2.7091,-0.1541,166.59,-86.77,-173.12,1728,630,72,72
NIA22EYE_S1_161_T1_S03_L_rgb_A_T_T_043.png,L,rgb,A,T,161,964.5,687.5,9.5,8.5,862,685,10,9,,,,,,,,,-9.3805,-2.7091,-0.1541,166.59,-86.77,-173.12,1728,630,72,72
NIA22EYE_S1_161_T1_S03_L_rgb_A_T_T_047.png,L,rgb,A,T,161,964.5,687.5,9.5,8.5,862,686,10,9,,,,,,,,,-9.3805,-2.7091,-0.1541,166.59,-86.77,-173.12,1728,630,72,72
NIA22EYE_S1_161_T1_S03_L_rgb_A_T_T_048.png,L,rgb,A,T,161,964,688,10,9,861.5,685,9.5,9,,,,,,,,,-9.3805,-2.7091,-0.1541,166.59,-86.77,-173.12,1728,630,72,72
NIA22EYE_S1_161_T1_S03_L_rgb_A_T_T_055.png,L,rgb,A,T,161,964,688,10,9,861.5,686,9.5,9,,,,,,,,,-9.3805,-2.7091,-0.1541,166.59,-86.77,-173.12,1728,630,72,72
NIA22EYE_S1_161_T1_S03_L_rgb_A_T_T_057.png,L,rgb,A,T,161,964,688,10,9,861.5,685.5,9.5,8.5,,,,,,,,,-9.3805,-2.7091,-0.1541,166.59,-86.77,-173.12,1728,630,72,72
NIA22EYE_S1_161_T1_S03_L_rgb_A_T_T_072.png,L,rgb,A,T,161,964.5,688.5,10.5,8.5,861.5,686,9.5,9,,,,,,,,,-9.3805,-2.7091,-0.1541,166.59,-86.77,-173.12,1728,630,72,72
NIA22EYE_S1_161_T1_S03_L_rgb_A_T_T_113.png,L,rgb,A,T,161,,,,,,,,,,,,,,,,,-9.3805,-2.7091,-0.1541,166.59,-86.77,-173.12,1728,630,72,72
NIA22EYE_S1_161_T1_S03_L_rgb_A_T_T_114.png,L,rgb,A,T,161,964.5,693.5,9.5,8.5,860.5,691,9.5,8,,,,,,,,,-9.3805,-2.7091,-0.1541,166.59,-86.77,-173.12,1728,630,72,72
NIA22EYE_S1_161_T1_S03_L_rgb_A_T_T_139.png,L,rgb,A,T,161,961,693,10,9,857,691.5,10,8.5,,,,,,,,,-9.3805,-2.7091,-0.1541,166.59,-86.77,-173.12,1728,630,72,72
NIA22EYE_S1_161_T1_S03_L_rgb_A_T_T_142.png,L,rgb,A,T,161,960.5,693,9.5,9,857,692.5,10,8.5,,,,,,,,,-9.3805,-2.7091,-0.1541,166.59,-86.77,-173.12,1728,630,72,72
NIA22EYE_S1_161_T1_S03_L_rgb_A_T_T_188.png,L,rgb,A,T,161,959,695,10,9,855,694,10,8,,,,,,,,,-9.3805,-2.7091,-0.1541,166.59,-86.77,-173.12,1728,630,72,72
NIA22EYE_S1_161_T1_S03_L_rgb_A_T_T_194.png,L,rgb,A,T,161,959,695,10,9,854.5,693.5,9.5,8.5,,,,,,,,,-9.3805,-2.7091,-0.1541,166.59,-86.77,-173.12,1728,630,72,72
NIA22EYE_S1_161_T1_S03_L_rgb_A_T_T_202.png,L,rgb,A,T,161,960,696,10,9,854.5,694,9.5,9,,,,,,,,,-9.3805,-2.7091,-0.1541,166.59,-86.77,-173.12,1728,630,72,72
NIA22EYE_S1_161_T1_S03_L_rgb_A_T_T_205.png,L,rgb,A,T,161,959,695,10,9,854,694.5,10,8.5,,,,,,,,,-9.3805,-2.7091,-0.1541,166.59,-86.77,-173.12,1728,630,72,72
NIA22EYE_S1_161_T1_S03_L_rgb_A_T_T_211.png,L,rgb,A,T,161,959,695.5,10,8.5,855,695.5,10,8.5,,,,,,,,,-9.3805,-2.7091,-0.1541,166.59,-86.77,-173.12,1728,630,72,72
NIA22EYE_S1_161_T1_S03_L_rgb_A_T_T_213.png,L,rgb,A,T,161,961.5,695.5,9.5,8.5,857,695,10,9,,,,,,,,,-9.3805,-2.7091,-0.1541,166.59,-86.77,-173.12,1728,630,72,72
NIA22EYE_S1_161_T1_S03_L_rgb_A_T_T_252.png,L,rgb,A,T,161,958,696,10,9,853.5,695,9.5,9,,,,,,,,,-9.3805,-2.7091,-0.1541,166.59,-86.77,-173.12,1728,630,72,72
NIA22EYE_S1_161_T1_S03_L_rgb_A_T_T_269.png,L,rgb,A,T,161,957,696,10,9,853,695,10,9,,,,,,,,,-9.3805,-2.7091,-0.1541,166.59,-86.77,-173.12,1728,630,72,72
NIA22EYE_S1_161_T1_S03_L_rgb_A_T_T_273.png,L,rgb,A,T,161,957,697,10,9,852.5,696,9.5,9,,,,,,,,,-9.3805,-2.7091,-0.1541,166.59,-86.77,-173.12,1728,630,72,72
NIA22EYE_S1_161_T1_S03_L_rgb_A_T_T_307.png,L,rgb,A,T,161,956.5,697,10.5,9,852,696.5,9,8.5,,,,,,,,,-9.3805,-2.7091,-0.1541,166.59,-86.77,-173.12,1728,630,72,72
NIA22EYE_S1_161_T1_S03_L_rgb_A_T_T_309.png,L,rgb,A,T,161,956.5,698,9.5,9,853,697,10,9,,,,,,,,,-9.3805,-2.7091,-0.1541,166.59,-86.77,-173.12,1728,630,72,72
NIA22EYE_S1_161_T1_S03_L_rgb_A_T_T_320.png,L,rgb,A,T,161,956.5,698,9.5,9,852,698,10,9,,,,,,,,,-9.3805,-2.7091,-0.1541,166.59,-86.77,-173.12,1728,630,72,72
NIA22EYE_S1_161_T1_S03_L_rgb_A_U_T_018.png,L,rgb,A,U,161,,,,,,,,,,,,,,,,,-1.7487,-0.0076,-0.1729,166.81,-86.79,-173.69,192,420,77,77
NIA22EYE_S1_161_T1_S03_L_rgb_A_U_T_030.png,L,rgb,A,U,161,970.5,667.5,8.5,8.5,873.5,662,9.5,9,,,,,,,,,1.5649,-0.5114,-0.2127,166.72,-86.79,-173.6,192,420,77,77
NIA22EYE_S1_161_T1_S03_L_rgb_A_U_T_051.png,L,rgb,A,U,161,969.5,667.5,9.5,8.5,873,661.5,9,8.5,,,,,,,,,1.3111,0.0101,-0.2095,166.48,-86.78,-173.36,192,420,77,77
NIA22EYE_S1_161_T1_S03_L_rgb_A_U_T_056.png,L,rgb,A,U,161,968.5,667,9.5,9,872,662,9,9,,,,,,,,,1.3111,0.0101,-0.2095,166.48,-86.78,-173.36,192,420,77,77
NIA22EYE_S1_161_T1_S03_L_rgb_A_U_T_072.png,L,rgb,A,U,161,967,666.5,9,8.5,870,662,10,9,,,,,,,,,1.3111,0.0101,-0.2095,166.48,-86.78,-173.36,192,420,77,77
NIA22EYE_S1_161_T1_S03_L_rgb_A_U_T_073.png,L,rgb,A,U,161,967.5,666.5,9.5,8.5,870,662,10,9,,,,,,,,,1.3111,0.0101,-0.2095,166.48,-86.78,-173.36,192,420,77,77
NIA22EYE_S1_161_T1_S03_L_rgb_A_U_T_076.png,L,rgb,A,U,161,967,666.5,9,8.5,870,662.5,10,8.5,,,,,,,,,1.3111,0.0101,-0.2095,166.48,-86.78,-173.36,192,420,77,77
NIA22EYE_S1_161_T1_S03_L_rgb_A_U_T_077.png,L,rgb,A,U,161,967,666.5,9,8.5,869.5,662.5,9.5,8.5,,,,,,,,,1.3111,0.0101,-0.2095,166.48,-86.78,-173.36,192,420,77,77
NIA22EYE_S1_161_T1_S03_L_rgb_A_U_T_092.png,L,rgb,A,U,161,967,668,9,9,869,663.5,9,8.5,,,,,,,,,1.3111,0.0101,-0.2095,166.48,-86.78,-173.36,192,420,77,77
NIA22EYE_S1_161_T1_S03_L_rgb_A_U_T_101.png,L,rgb,A,U,161,967.5,668.5,8.5,8.5,870.5,663,9.5,9,,,,,,,,,1.3111,0.0101,-0.2095,166.48,-86.78,-173.36,192,420,77,77
NIA22EYE_S1_161_T1_S03_L_rgb_A_U_T_102.png,L,rgb,A,U,161,968,668.5,9,8.5,870.5,663.5,9.5,8.5,,,,,,,,,1.3111,0.0101,-0.2095,166.48,-86.78,-173.36,192,420,77,77
NIA22EYE_S1_161_T1_S03_L_rgb_A_U_T_103.png,L,rgb,A,U,161,967.5,668.5,8.5,8.5,870.5,664,9.5,9,,,,,,,,,1.3111,0.0101,-0.2095,166.48,-86.78,-173.36,192,420,77,77
NIA22EYE_S1_161_T1_S03_L_rgb_A_U_T_104.png,L,rgb,A,U,161,969,668.5,9,8.5,870.5,663.5,9.5,8.5,,,,,,,,,1.3111,0.0101,-0.2095,166.48,-86.78,-173.36,192,420,77,77
NIA22EYE_S1_161_T1_S03_L_rgb_A_U_T_111.png,L,rgb,A,U,161,968.5,668.5,8.5,8.5,870.5,663.5,9.5,8.5,,,,,,,,,1.3111,0.0101,-0.2095,166.48,-86.78,-173.36,192,420,77,77
NIA22EYE_S1_161_T1_S03_L_rgb_A_U_T_117.png,L,rgb,A,U,161,968.5,669.5,8.5,8.5,871.5,664,9.5,9,,,,,,,,,1.3111,0.0101,-0.2095,166.48,-86.78,-173.36,192,420,77,77
NIA22EYE_S1_161_T1_S03_L_rgb_A_U_T_118.png,L,rgb,A,U,161,968.5,669.5,8.5,8.5,872,664,10,9,,,,,,,,,1.3111,0.0101,-0.2095,166.48,-86.78,-173.36,192,420,77,77
NIA22EYE_S1_161_T1_S03_L_rgb_A_U_T_150.png,L,rgb,A,U,161,972,671.5,9,8.5,874.5,667.5,9.5,8.5,,,,,,,,,1.3111,0.0101,-0.2095,166.48,-86.78,-173.36,192,420,77,77
NIA22EYE_S1_161_T1_S03_L_rgb_A_U_T_160.png,L,rgb,A,U,161,971,671.5,9,8.5,873,667,9,8,,,,,,,,,1.3111,0.0101,-0.2095,166.48,-86.78,-173.36,192,420,77,77
NIA22EYE_S1_161_T1_S03_L_rgb_A_U_T_165.png,L,rgb,A,U,161,971,671.5,9,8.5,873.5,666.5,9.5,8.5,,,,,,,,,1.3111,0.0101,-0.2095,166.48,-86.78,-173.36,192,420,77,77
NIA22EYE_S1_161_T1_S03_L_rgb_A_U_T_172.png,L,rgb,A,U,161,971,670.5,9,8.5,874,666.5,9,8.5,,,,,,,,,1.3111,0.0101,-0.2095,166.48,-86.78,-173.36,192,420,77,77
NIA22EYE_S1_161_T1_S03_L_rgb_A_U_T_176.png,L,rgb,A,U,161,971.5,670.5,8.5,8.5,873,666.5,9,8.5,,,,,,,,,1.3111,0.0101,-0.2095,166.48,-86.78,-173.36,192,420,77,77
NIA22EYE_S1_161_T1_S03_L_rgb_A_U_T_200.png,L,rgb,A,U,161,973,672.5,9,8.5,873.5,668,9.5,8,,,,,,,,,1.3111,0.0101,-0.2095,166.48,-86.78,-173.36,192,420,77,77
NIA22EYE_S1_161_T1_S03_L_rgb_A_U_T_205.png,L,rgb,A,U,161,974,672.5,9,8.5,874,668,9,8,,,,,,,,,1.3111,0.0101,-0.2095,166.48,-86.78,-173.36,192,420,77,77
NIA22EYE_S1_161_T1_S03_L_rgb_A_U_T_207.png,L,rgb,A,U,161,973.5,672.5,8.5,8.5,874,669,9,8,,,,,,,,,1.3111,0.0101,-0.2095,166.48,-86.78,-173.36,192,420,77,77
NIA22EYE_S1_161_T1_S03_L_rgb_A_U_T_211.png,L,rgb,A,U,161,975,672.5,9,8.5,875,668.5,9,8.5,,,,,,,,,1.3111,0.0101,-0.2095,166.48,-86.78,-173.36,192,420,77,77
NIA22EYE_S1_161_T1_S03_L_rgb_A_U_T_213.png,L,rgb,A,U,161,974.5,672.5,8.5,8.5,875,668,9,8,,,,,,,,,1.3111,0.0101,-0.2095,166.48,-86.78,-173.36,192,420,77,77
NIA22EYE_S1_161_T1_S03_L_rgb_A_U_T_216.png,L,rgb,A,U,161,974.5,672.5,8.5,8.5,875,667.5,9,8.5,,,,,,,,,1.3111,0.0101,-0.2095,166.48,-86.78,-173.36,192,420,77,77
NIA22EYE_S1_161_T1_S03_L_rgb_A_U_T_225.png,L,rgb,A,U,161,973,671.5,9,8.5,876.5,666.5,9.5,8.5,,,,,,,,,1.3111,0.0101,-0.2095,166.48,-86.78,-173.36,192,420,77,77
NIA22EYE_S1_161_T1_S03_L_rgb_A_U_T_231.png,L,rgb,A,U,161,972.5,668.5,8.5,8.5,875.5,663.5,9.5,8.5,,,,,,,,,1.3111,0.0101,-0.2095,166.48,-86.78,-173.36,192,420,77,77
NIA22EYE_S1_161_T1_S03_L_rgb_A_U_T_248.png,L,rgb,A,U,161,,,,,,,,,,,,,,,,,1.3111,0.0101,-0.2095,166.48,-86.78,-173.36,192,420,77,77
NIA22EYE_S1_161_T1_S03_L_rgb_A_U_T_249.png,L,rgb,A,U,161,,,,,,,,,,,,,,,,,1.3111,0.0101,-0.2095,166.48,-86.78,-173.36,192,420,77,77
NIA22EYE_S1_161_T1_S03_L_rgb_A_U_T_252.png,L,rgb,A,U,161,,,,,,,,,,,,,,,,,1.3111,0.0101,-0.2095,166.48,-86.78,-173.36,192,420,77,77
NIA22EYE_S1_161_T1_S03_L_rgb_A_U_T_271.png,L,rgb,A,U,161,,,,,,,,,,,,,,,,,1.3111,0.0101,-0.2095,166.48,-86.78,-173.36,192,420,77,77
NIA22EYE_S1_161_T1_S03_L_rgb_A_U_T_301.png,L,rgb,A,U,161,,,,,,,,,,,,,,,,,1.3111,0.0101,-0.2095,166.48,-86.78,-173.36,192,420,77,77
NIA22EYE_S1_161_T1_S03_L_rgb_A_U_T_308.png,L,rgb,A,U,161,971,669.5,9,8.5,874.5,664,9.5,9,,,,,,,,,1.3111,0.0101,-0.2095,166.48,-86.78,-173.36,192,420,77,77
NIA22EYE_S1_161_T1_S03_L_rgb_A_U_T_318.png,L,rgb,A,U,161,972.5,668.5,9.5,8.5,875.5,663,8.5,9,,,,,,,,,1.3111,0.0101,-0.2095,166.48,-86.78,-173.36,192,420,77,77
NIA22EYE_S1_161_T1_S03_L_rgb_A_U_T_320.png,L,rgb,A,U,161,972,668,9,9,874.5,662,9.5,9,,,,,,,,,1.3111,0.0101,-0.2095,166.48,-86.78,-173.36,192,420,77,77
NIA22EYE_S1_161_T1_S03_L_rgb_A_U_T_322.png,L,rgb,A,U,161,972.5,667.5,9.5,8.5,875,662.5,10,8.5,,,,,,,,,1.3111,0.0101,-0.2095,166.48,-86.78,-173.36,192,420,77,77
NIA22EYE_S1_161_T1_S03_L_rgb_D_C_T_001.png,L,rgb,D,C,161,977.5,701.5,9.5,8.5,883,705,10,9,,,,,,,,,1.9492,-0.2869,-0.0824,166.65,-86.78,-173.25,8.64,2.91076923076923,76,76
NIA22EYE_S1_161_T1_S03_L_rgb_D_C_T_005.png,L,rgb,D,C,161,978,701.5,9,8.5,884,705,10,9,,,,,,,,,3.1077,-1.5375,-0.136,166.42,-86.78,-173.02,30.24,10.1876923076923,76,76
NIA22EYE_S1_161_T1_S03_L_rgb_D_C_T_006.png,L,rgb,D,C,161,978.5,701.5,9.5,8.5,884,706,9,8,,,,,,,,,2.7442,-1.1255,-0.1222,166.48,-86.78,-173.08,34.56,11.6430769230769,76,76
NIA22EYE_S1_161_T1_S03_L_rgb_D_C_T_017.png,L,rgb,D,C,161,980.5,702,9.5,8,886.5,705.5,9.5,8.5,,,,,,,,,3.161,-1.2157,-0.1427,166.49,-86.78,-173.08,95.04,32.0184615384615,76,76
NIA22EYE_S1_161_T1_S03_L_rgb_D_C_T_022.png,L,rgb,D,C,161,981.5,703,9.5,8,887,705.5,9,8.5,,,,,,,,,2.6301,-1.4805,-0.1503,166.52,-86.78,-173.12,120.96,40.7507692307692,76,76
NIA22EYE_S1_161_T1_S03_L_rgb_D_C_T_038.png,L,rgb,D,C,161,983,703.5,9,8.5,887,707.5,9,8.5,,,,,,,,,-2.5508,0.9594,-0.2056,166.44,-86.79,-173.03,77.76,943.089230769215,76,76
NIA22EYE_S1_161_T1_S03_L_rgb_D_C_T_042.png,L,rgb,D,C,161,982,704,8,8,886,707.5,9,8.5,,,,,,,,,-2.5508,0.9594,-0.2056,166.44,-86.79,-173.03,77.76,943.089230769215,76,76
NIA22EYE_S1_161_T1_S03_L_rgb_D_C_T_047.png,L,rgb,D,C,161,981.5,704,9.5,8,886.5,707,9.5,9,,,,,,,,,-2.5508,0.9594,-0.2056,166.44,-86.79,-173.03,77.76,943.089230769215,76,76
NIA22EYE_S1_161_T1_S03_L_rgb_D_C_T_052.png,L,rgb,D,C,161,981,704,9,8,885.5,707,9.5,9,,,,,,,,,-2.5508,0.9594,-0.2056,166.44,-86.79,-173.03,77.76,943.089230769215,76,76
NIA22EYE_S1_161_T1_S03_L_rgb_D_C_T_074.png,L,rgb,D,C,161,980.5,703.5,9.5,8.5,885.5,707,9.5,9,,,,,,,,,-2.5508,0.9594,-0.2056,166.44,-86.79,-173.03,77.76,943.089230769215,76,76
NIA22EYE_S1_161_T1_S03_L_rgb_D_C_T_089.png,L,rgb,D,C,161,980.5,704.5,9.5,8.5,885,707.5,10,8.5,,,,,,,,,-2.5508,0.9594,-0.2056,166.44,-86.79,-173.03,77.76,943.089230769215,76,76
NIA22EYE_S1_161_T1_S03_L_rgb_D_C_T_106.png,L,rgb,D,C,161,982,706,9,8,885.5,708.5,9.5,8.5,,,,,,,,,-2.5508,0.9594,-0.2056,166.44,-86.79,-173.03,77.76,943.089230769215,76,76
NIA22EYE_S1_161_T1_S03_L_rgb_D_C_T_110.png,L,rgb,D,C,161,982.5,706.5,9.5,8.5,886,709,9,8,,,,,,,,,-2.5508,0.9594,-0.2056,166.44,-86.79,-173.03,77.76,943.089230769215,76,76
NIA22EYE_S1_161_T1_S03_L_rgb_D_C_T_115.png,L,rgb,D,C,161,982,706,9,8,885.5,710,9.5,8,,,,,,,,,-2.5508,0.9594,-0.2056,166.44,-86.79,-173.03,77.76,943.089230769215,76,76
NIA22EYE_S1_161_T1_S03_L_rgb_D_C_T_120.png,L,rgb,D,C,161,982.5,706.5,9.5,8.5,885,710,9,8,,,,,,,,,-2.5508,0.9594,-0.2056,166.44,-86.79,-173.03,77.76,943.089230769215,76,76
NIA22EYE_S1_161_T1_S03_L_rgb_D_C_T_122.png,L,rgb,D,C,161,981.5,706.5,9.5,8.5,885,710,9,8,,,,,,,,,-2.5508,0.9594,-0.2056,166.44,-86.79,-173.03,77.76,943.089230769215,76,76
NIA22EYE_S1_161_T1_S03_L_rgb_D_C_T_124.png,L,rgb,D,C,161,981.5,706.5,9.5,8.5,885,710,9,8,,,,,,,,,-2.5508,0.9594,-0.2056,166.44,-86.79,-173.03,77.76,943.089230769215,76,76
NIA22EYE_S1_161_T1_S03_L_rgb_D_C_T_130.png,L,rgb,D,C,161,982.5,707,9.5,8,886,710,9,8,,,,,,,,,-2.5508,0.9594,-0.2056,166.44,-86.79,-173.03,77.76,943.089230769215,76,76
NIA22EYE_S1_161_T1_S03_L_rgb_D_C_T_139.png,L,rgb,D,C,161,981.5,707,9.5,9,885,710,9,8,,,,,,,,,-2.5508,0.9594,-0.2056,166.44,-86.79,-173.03,77.76,943.089230769215,76,76
NIA22EYE_S1_161_T1_S03_L_rgb_D_C_T_143.png,L,rgb,D,C,161,980.5,707,9.5,8,885,710,9,8,,,,,,,,,-2.5508,0.9594,-0.2056,166.44,-86.79,-173.03,77.76,943.089230769215,76,76
NIA22EYE_S1_161_T1_S03_L_rgb_D_C_T_154.png,L,rgb,D,C,161,980.5,706.5,9.5,8.5,886,710,9,8,,,,,,,,,-2.5508,0.9594,-0.2056,166.44,-86.79,-173.03,77.76,943.089230769215,76,76
NIA22EYE_S1_161_T1_S03_L_rgb_D_C_T_164.png,L,rgb,D,C,161,980.5,706.5,9.5,8.5,885,710,9,8,,,,,,,,,-2.5508,0.9594,-0.2056,166.44,-86.79,-173.03,77.76,943.089230769215,76,76
NIA22EYE_S1_161_T1_S03_L_rgb_D_C_T_197.png,L,rgb,D,C,161,984.5,710.5,9.5,8.5,889,712.5,10,8.5,,,,,,,,,-2.5508,0.9594,-0.2056,166.44,-86.79,-173.03,77.76,943.089230769215,76,76
NIA22EYE_S1_161_T1_S03_L_rgb_D_C_T_206.png,L,rgb,D,C,161,988,710,9,8,890.5,712.5,9.5,8.5,,,,,,,,,-2.5508,0.9594,-0.2056,166.44,-86.79,-173.03,77.76,943.089230769215,76,76
NIA22EYE_S1_161_T1_S03_L_rgb_D_C_T_214.png,L,rgb,D,C,161,988,710.5,9,8.5,892,713,10,8,,,,,,,,,-2.5508,0.9594,-0.2056,166.44,-86.79,-173.03,77.76,943.089230769215,76,76
NIA22EYE_S1_161_T1_S03_L_rgb_D_C_T_219.png,L,rgb,D,C,161,,,,,,,,,,,,,,,,,-2.5508,0.9594,-0.2056,166.44,-86.79,-173.03,77.76,943.089230769215,76,76
NIA22EYE_S1_161_T1_S03_L_rgb_D_C_T_231.png,L,rgb,D,C,161,988.5,710.5,9.5,8.5,892,713,9,8,,,,,,,,,-2.5508,0.9594,-0.2056,166.44,-86.79,-173.03,77.76,943.089230769215,76,76
NIA22EYE_S1_161_T1_S03_L_rgb_D_C_T_233.png,L,rgb,D,C,161,989,710,9,8,892.5,712.5,9.5,8.5,,,,,,,,,-2.5508,0.9594,-0.2056,166.44,-86.79,-173.03,77.76,943.089230769215,76,76
NIA22EYE_S1_161_T1_S03_L_rgb_D_C_T_237.png,L,rgb,D,C,161,988,710,9,8,892.5,711.5,9.5,8.5,,,,,,,,,-2.5508,0.9594,-0.2056,166.44,-86.79,-173.03,77.76,943.089230769215,76,76
NIA22EYE_S1_161_T1_S03_L_rgb_D_C_T_238.png,L,rgb,D,C,161,989,710,9,8,892,711.5,10,8.5,,,,,,,,,-2.5508,0.9594,-0.2056,166.44,-86.79,-173.03,77.76,943.089230769215,76,76
NIA22EYE_S1_161_T1_S03_L_rgb_D_C_T_240.png,L,rgb,D,C,161,989,709.5,9,8.5,892,712,9,8,,,,,,,,,-2.5508,0.9594,-0.2056,166.44,-86.79,-173.03,77.76,943.089230769215,76,76
NIA22EYE_S1_161_T1_S03_L_rgb_D_C_T_243.png,L,rgb,D,C,161,988,709.5,10,8.5,892.5,712,9.5,8,,,,,,,,,-2.5508,0.9594,-0.2056,166.44,-86.79,-173.03,77.76,943.089230769215,76,76
NIA22EYE_S1_161_T1_S03_L_rgb_D_C_T_251.png,L,rgb,D,C,161,990,709,9,8,892,712,9,8,,,,,,,,,-2.5508,0.9594,-0.2056,166.44,-86.79,-173.03,77.76,943.089230769215,76,76
NIA22EYE_S1_161_T1_S03_L_rgb_D_C_T_254.png,L,rgb,D,C,161,987.5,710,8.5,8,892,711.5,10,8.5,,,,,,,,,-2.5508,0.9594,-0.2056,166.44,-86.79,-173.03,77.76,943.089230769215,76,76
NIA22EYE_S1_161_T1_S03_L_rgb_D_C_T_256.png,L,rgb,D,C,161,988,710,9,8,891,712,10,9,,,,,,,,,-2.5508,0.9594,-0.2056,166.44,-86.79,-173.03,77.76,943.089230769215,76,76
NIA22EYE_S1_161_T1_S03_L_rgb_D_C_T_272.png,L,rgb,D,C,161,988.5,711.5,8.5,8.5,891.5,713.5,9.5,8.5,,,,,,,,,-2.5508,0.9594,-0.2056,166.44,-86.79,-173.03,77.76,943.089230769215,76,76
NIA22EYE_S1_161_T1_S03_L_rgb_D_C_T_273.png,L,rgb,D,C,161,988.5,711.5,8.5,8.5,891.5,713.5,9.5,8.5,,,,,,,,,-2.5508,0.9594,-0.2056,166.44,-86.79,-173.03,77.76,943.089230769215,76,76
NIA22EYE_S1_161_T1_S03_L_rgb_D_C_T_285.png,L,rgb,D,C,161,988.5,712,8.5,8,892,714.5,10,8.5,,,,,,,,,-2.5508,0.9594,-0.2056,166.44,-86.79,-173.03,77.76,943.089230769215,76,76
NIA22EYE_S1_161_T1_S03_L_rgb_D_C_T_289.png,L,rgb,D,C,161,988.5,712.5,8.5,8.5,892,715.5,10,8.5,,,,,,,,,-2.5508,0.9594,-0.2056,166.44,-86.79,-173.03,77.76,943.089230769215,76,76
NIA22EYE_S1_161_T1_S03_L_rgb_D_C_T_294.png,L,rgb,D,C,161,988,713.5,9,8.5,892,716,10,8,,,,,,,,,-2.5508,0.9594,-0.2056,166.44,-86.79,-173.03,77.76,943.089230769215,76,76
NIA22EYE_S1_161_T1_S03_L_rgb_D_C_T_303.png,L,rgb,D,C,161,989,713,9,8,891.5,716,9.5,8,,,,,,,,,-2.5508,0.9594,-0.2056,166.44,-86.79,-173.03,77.76,943.089230769215,76,76
NIA22EYE_S1_161_T1_S03_L_rgb_D_C_T_320.png,L,rgb,D,C,161,989.5,712,8.5,8,892.5,715.5,9.5,8.5,,,,,,,,,-2.5508,0.9594,-0.2056,166.44,-86.79,-173.03,77.76,943.089230769215,76,76
NIA22EYE_S1_161_T1_S03_L_rgb_D_C_T_322.png,L,rgb,D,C,161,989,713,9,8,892.5,714.5,9.5,8.5,,,,,,,,,-2.5508,0.9594,-0.2056,166.44,-86.79,-173.03,77.76,943.089230769215,76,76
NIA22EYE_S1_161_T1_S03_L_rgb_D_D_T_001.png,L,rgb,D,D,161,990.5,699,9.5,9,887,697,10,9,,,,,,,,,1.4251,1.6642,-0.1402,165.72,-86.83,-172.64,8.64,2.91076923076923,72,72
NIA22EYE_S1_161_T1_S03_L_rgb_D_D_T_005.png,L,rgb,D,D,161,990,698,9,9,887.5,695,9.5,9,,,,,,,,,0.3383,1.15,-0.1427,165.7,-86.83,-172.62,30.24,10.1876923076923,72,72
NIA22EYE_S1_161_T1_S03_L_rgb_D_D_T_007.png,L,rgb,D,D,161,989,697.5,10,9.5,888.5,695,9.5,9,,,,,,,,,0.8573,1.1578,-0.1375,165.67,-86.83,-172.6,38.88,13.0984615384615,72,72
NIA22EYE_S1_161_T1_S03_L_rgb_D_D_T_017.png,L,rgb,D,D,161,986.5,695.5,9.5,9.5,883,693,10,9,,,,,,,,,1.2574,0.2626,-0.1118,165.84,-86.83,-172.76,95.04,32.0184615384615,72,72
NIA22EYE_S1_161_T1_S03_L_rgb_D_D_T_030.png,L,rgb,D,D,161,983,695.5,10,9.5,881,693.5,11,9.5,,,,,,,,,1.2356,0.5069,-0.1112,165.81,-86.83,-172.73,164.16,55.3046153846154,72,72
NIA22EYE_S1_161_T1_S03_L_rgb_D_D_T_034.png,L,rgb,D,D,161,982.5,695.5,10.5,9.5,880.5,694,10.5,9,,,,,,,,,-0.613,-0.1817,-0.1018,165.65,-86.82,-172.56,77.76,943.089230769215,72,72
NIA22EYE_S1_161_T1_S03_L_rgb_D_D_T_043.png,L,rgb,D,D,161,983,696,10,9,881,695,10,9,,,,,,,,,-0.613,-0.1817,-0.1018,165.65,-86.82,-172.56,77.76,943.089230769215,72,72
NIA22EYE_S1_161_T1_S03_L_rgb_D_D_T_051.png,L,rgb,D,D,161,982,697,10,9,879.5,696,10.5,9,,,,,,,,,-0.613,-0.1817,-0.1018,165.65,-86.82,-172.56,77.76,943.089230769215,72,72
NIA22EYE_S1_161_T1_S03_L_rgb_D_D_T_053.png,L,rgb,D,D,161,982.5,697,9.5,9,880.5,695.5,10.5,9.5,,,,,,,,,-0.613,-0.1817,-0.1018,165.65,-86.82,-172.56,77.76,943.089230769215,72,72
NIA22EYE_S1_161_T1_S03_L_rgb_D_D_T_054.png,L,rgb,D,D,161,982,697,10,9,879.5,695,10.5,9,,,,,,,,,-0.613,-0.1817,-0.1018,165.65,-86.82,-172.56,77.76,943.089230769215,72,72
NIA22EYE_S1_161_T1_S03_L_rgb_D_D_T_055.png,L,rgb,D,D,161,982,696.5,10,9.5,880,695,10,9,,,,,,,,,-0.613,-0.1817,-0.1018,165.65,-86.82,-172.56,77.76,943.089230769215,72,72
NIA22EYE_S1_161_T1_S03_L_rgb_D_D_T_062.png,L,rgb,D,D,161,982,697,10,9,879.5,696,10.5,9,,,,,,,,,-0.613,-0.1817,-0.1018,165.65,-86.82,-172.56,77.76,943.089230769215,72,72
NIA22EYE_S1_161_T1_S03_L_rgb_D_D_T_063.png,L,rgb,D,D,161,982,697,10,9,880,695,10,9,,,,,,,,,-0.613,-0.1817,-0.1018,165.65,-86.82,-172.56,77.76,943.089230769215,72,72
NIA22EYE_S1_161_T1_S03_L_rgb_D_D_T_102.png,L,rgb,D,D,161,980.5,697.5,9.5,8.5,879.5,694.5,10.5,9.5,,,,,,,,,-0.613,-0.1817,-0.1018,165.65,-86.82,-172.56,77.76,943.089230769215,72,72
NIA22EYE_S1_161_T1_S03_L_rgb_D_D_T_119.png,L,rgb,D,D,161,979,698,10,9,877.5,696,10.5,9,,,,,,,,,-0.613,-0.1817,-0.1018,165.65,-86.82,-172.56,77.76,943.089230769215,72,72
NIA22EYE_S1_161_T1_S03_L_rgb_D_D_T_126.png,L,rgb,D,D,161,978.5,699.5,10.5,9.5,876.5,697,9.5,9,,,,,,,,,-0.613,-0.1817,-0.1018,165.65,-86.82,-172.56,77.76,943.089230769215,72,72
NIA22EYE_S1_161_T1_S03_L_rgb_D_D_T_130.png,L,rgb,D,D,161,980,698,10,9,877,696,11,9,,,,,,,,,-0.613,-0.1817,-0.1018,165.65,-86.82,-172.56,77.76,943.089230769215,72,72
NIA22EYE_S1_161_T1_S03_L_rgb_D_D_T_132.png,L,rgb,D,D,161,979,698,10,9,877.5,695.5,10.5,9.5,,,,,,,,,-0.613,-0.1817,-0.1018,165.65,-86.82,-172.56,77.76,943.089230769215,72,72
NIA22EYE_S1_161_T1_S03_L_rgb_D_D_T_136.png,L,rgb,D,D,161,978.5,698,10.5,9,876,696,10,9,,,,,,,,,-0.613,-0.1817,-0.1018,165.65,-86.82,-172.56,77.76,943.089230769215,72,72
NIA22EYE_S1_161_T1_S03_L_rgb_D_D_T_146.png,L,rgb,D,D,161,978,698,10,9,876,696,10,9,,,,,,,,,-0.613,-0.1817,-0.1018,165.65,-86.82,-172.56,77.76,943.089230769215,72,72
NIA22EYE_S1_161_T1_S03_L_rgb_D_D_T_153.png,L,rgb,D,D,161,979,698,10,9,876.5,696,10.5,9,,,,,,,,,-0.613,-0.1817,-0.1018,165.65,-86.82,-172.56,77.76,943.089230769215,72,72
NIA22EYE_S1_161_T1_S03_L_rgb_D_D_T_155.png,L,rgb,D,D,161,979,699,10,9,876.5,696,10.5,9,,,,,,,,,-0.613,-0.1817,-0.1018,165.65,-86.82,-172.56,77.76,943.089230769215,72,72
NIA22EYE_S1_161_T1_S03_L_rgb_D_D_T_158.png,L,rgb,D,D,161,979.5,698,9.5,9,878,695,10,9,,,,,,,,,-0.613,-0.1817,-0.1018,165.65,-86.82,-172.56,77.76,943.089230769215,72,72
NIA22EYE_S1_161_T1_S03_L_rgb_D_D_T_159.png,L,rgb,D,D,161,979.5,697.5,9.5,9.5,878,695,10,9,,,,,,,,,-0.613,-0.1817,-0.1018,165.65,-86.82,-172.56,77.76,943.089230769215,72,72
NIA22EYE_S1_161_T1_S03_L_rgb_D_D_T_163.png,L,rgb,D,D,161,980.5,697.5,9.5,8.5,877,694,10,9,,,,,,,,,-0.613,-0.1817,-0.1018,165.65,-86.82,-172.56,77.76,943.089230769215,72,72
NIA22EYE_S1_161_T1_S03_L_rgb_D_D_T_181.png,L,rgb,D,D,161,982,697,10,9,879,695,10,9,,,,,,,,,-0.613,-0.1817,-0.1018,165.65,-86.82,-172.56,77.76,943.089230769215,72,72
NIA22EYE_S1_161_T1_S03_L_rgb_D_D_T_196.png,L,rgb,D,D,161,978.5,697.5,10.5,9.5,877,695,10,9,,,,,,,,,-0.613,-0.1817,-0.1018,165.65,-86.82,-172.56,77.76,943.089230769215,72,72
NIA22EYE_S1_161_T1_S03_L_rgb_D_D_T_198.png,L,rgb,D,D,161,979.5,697.5,10.5,9.5,877,695,10,9,,,,,,,,,-0.613,-0.1817,-0.1018,165.65,-86.82,-172.56,77.76,943.089230769215,72,72
NIA22EYE_S1_161_T1_S03_L_rgb_D_D_T_217.png,L,rgb,D,D,161,979.5,698,9.5,9,877,695,10,9,,,,,,,,,-0.613,-0.1817,-0.1018,165.65,-86.82,-172.56,77.76,943.089230769215,72,72
NIA22EYE_S1_161_T1_S03_L_rgb_D_D_T_237.png,L,rgb,D,D,161,981,697.5,10,9.5,878.5,696,10.5,9,,,,,,,,,-0.613,-0.1817,-0.1018,165.65,-86.82,-172.56,77.76,943.089230769215,72,72
NIA22EYE_S1_161_T1_S03_L_rgb_D_D_T_252.png,L,rgb,D,D,161,985,698,10,9,883.5,697.5,10.5,8.5,,,,,,,,,-0.613,-0.1817,-0.1018,165.65,-86.82,-172.56,77.76,943.089230769215,72,72
NIA22EYE_S1_161_T1_S03_L_rgb_D_D_T_256.png,L,rgb,D,D,161,985,698,10,9,883.5,696.5,10.5,8.5,,,,,,,,,-0.613,-0.1817,-0.1018,165.65,-86.82,-172.56,77.76,943.089230769215,72,72
NIA22EYE_S1_161_T1_S03_L_rgb_D_D_T_257.png,L,rgb,D,D,161,986,698,10,9,884.5,696,10.5,9,,,,,,,,,-0.613,-0.1817,-0.1018,165.65,-86.82,-172.56,77.76,943.089230769215,72,72
NIA22EYE_S1_161_T1_S03_L_rgb_D_D_T_259.png,L,rgb,D,D,161,986,698,10,9,885,695.5,10,8.5,,,,,,,,,-0.613,-0.1817,-0.1018,165.65,-86.82,-172.56,77.76,943.089230769215,72,72
NIA22EYE_S1_161_T1_S03_L_rgb_D_D_T_263.png,L,rgb,D,D,161,987.5,697,9.5,9,885.5,695.5,10.5,9.5,,,,,,,,,-0.613,-0.1817,-0.1018,165.65,-86.82,-172.56,77.76,943.089230769215,72,72
NIA22EYE_S1_161_T1_S03_L_rgb_D_D_T_265.png,L,rgb,D,D,161,988,697,9,9,885.5,695,10.5,9,,,,,,,,,-0.613,-0.1817,-0.1018,165.65,-86.82,-172.56,77.76,943.089230769215,72,72
NIA22EYE_S1_161_T1_S03_L_rgb_D_D_T_267.png,L,rgb,D,D,161,988,697,9,9,885.5,695,10.5,9,,,,,,,,,-0.613,-0.1817,-0.1018,165.65,-86.82,-172.56,77.76,943.089230769215,72,72
NIA22EYE_S1_161_T1_S03_L_rgb_D_D_T_273.png,L,rgb,D,D,161,986.5,698,9.5,9,886,695.5,10,9.5,,,,,,,,,-0.613,-0.1817,-0.1018,165.65,-86.82,-172.56,77.76,943.089230769215,72,72
NIA22EYE_S1_161_T1_S03_L_rgb_D_D_T_276.png,L,rgb,D,D,161,985.5,698,9.5,9,885,695.5,10,9.5,,,,,,,,,-0.613,-0.1817,-0.1018,165.65,-86.82,-172.56,77.76,943.089230769215,72,72
NIA22EYE_S1_161_T1_S03_L_rgb_D_D_T_278.png,L,rgb,D,D,161,986.5,697,9.5,9,884,695,10,9,,,,,,,,,-0.613,-0.1817,-0.1018,165.65,-86.82,-172.56,77.76,943.089230769215,72,72
NIA22EYE_S1_161_T1_S03_L_rgb_D_D_T_280.png,L,rgb,D,D,161,985,697,10,9,883.5,695.5,10.5,9.5,,,,,,,,,-0.613,-0.1817,-0.1018,165.65,-86.82,-172.56,77.76,943.089230769215,72,72
NIA22EYE_S1_161_T1_S03_L_rgb_D_D_T_284.png,L,rgb,D,D,161,984,697,10,9,882,696.5,10,9.5,,,,,,,,,-0.613,-0.1817,-0.1018,165.65,-86.82,-172.56,77.76,943.089230769215,72,72
NIA22EYE_S1_161_T1_S03_L_rgb_D_D_T_289.png,L,rgb,D,D,161,982,698,10,9,880,697,10,9,,,,,,,,,-0.613,-0.1817,-0.1018,165.65,-86.82,-172.56,77.76,943.089230769215,72,72
NIA22EYE_S1_161_T1_S03_L_rgb_D_D_T_292.png,L,rgb,D,D,161,982,698.5,10,8.5,880,698,10,9,,,,,,,,,-0.613,-0.1817,-0.1018,165.65,-86.82,-172.56,77.76,943.089230769215,72,72
NIA22EYE_S1_161_T1_S03_L_rgb_D_D_T_293.png,L,rgb,D,D,161,982,699,10,9,880,697,10,9,,,,,,,,,-0.613,-0.1817,-0.1018,165.65,-86.82,-172.56,77.76,943.089230769215,72,72
NIA22EYE_S1_161_T1_S03_L_rgb_D_D_T_301.png,L,rgb,D,D,161,981.5,699,9.5,9,880,698,10,9,,,,,,,,,-0.613,-0.1817,-0.1018,165.65,-86.82,-172.56,77.76,943.089230769215,72,72
NIA22EYE_S1_161_T1_S03_L_rgb_D_D_T_310.png,L,rgb,D,D,161,982.5,699.5,9.5,8.5,880,698.5,10,8.5,,,,,,,,,-0.613,-0.1817,-0.1018,165.65,-86.82,-172.56,77.76,943.089230769215,72,72
NIA22EYE_S1_161_T1_S03_L_rgb_D_D_T_313.png,L,rgb,D,D,161,983,699,10,9,880,698,10,9,,,,,,,,,-0.613,-0.1817,-0.1018,165.65,-86.82,-172.56,77.76,943.089230769215,72,72
NIA22EYE_S1_161_T1_S03_L_rgb_D_D_T_316.png,L,rgb,D,D,161,983,698.5,9,8.5,880,697.5,10,9.5,,,,,,,,,-0.613,-0.1817,-0.1018,165.65,-86.82,-172.56,77.76,943.089230769215,72,72
NIA22EYE_S1_161_T1_S03_L_rgb_D_D_T_321.png,L,rgb,D,D,161,982.5,699,9.5,9,879,699,10,9,,,,,,,,,-0.613,-0.1817,-0.1018,165.65,-86.82,-172.56,77.76,943.089230769215,72,72
NIA22EYE_S1_161_T1_S03_L_rgb_D_D_T_322.png,L,rgb,D,D,161,982.5,699,9.5,9,879,698,10,9,,,,,,,,,-0.613,-0.1817,-0.1018,165.65,-86.82,-172.56,77.76,943.089230769215,72,72
NIA22EYE_S1_161_T1_S03_L_rgb_D_D_T_323.png,L,rgb,D,D,161,982.5,698.5,9.5,8.5,879,698,10,9,,,,,,,,,-0.613,-0.1817,-0.1018,165.65,-86.82,-172.56,77.76,943.089230769215,72,72
NIA22EYE_S1_161_T1_S03_L_rgb_D_E_T_005.png,L,rgb,D,E,161,972,675,10,9,871,674,10,9,,,,,,,,,0.5495,3.573,-0.2214,166.44,-86.78,-173.37,30.24,10.1876923076923,77,77
NIA22EYE_S1_161_T1_S03_L_rgb_D_E_T_006.png,L,rgb,D,E,161,971.5,676,9.5,9,871,673,10,9,,,,,,,,,1.4075,3.0741,-0.2169,166.41,-86.78,-173.34,34.56,11.6430769230769,77,77
NIA22EYE_S1_161_T1_S03_L_rgb_D_E_T_009.png,L,rgb,D,E,161,970.5,676,9.5,9,870.5,674,9.5,9,,,,,,,,,1.5583,2.2781,-0.2833,166.45,-86.77,-173.38,51.84,17.4646153846154,77,77
NIA22EYE_S1_161_T1_S03_L_rgb_D_E_T_018.png,L,rgb,D,E,161,971,677.5,9,8.5,870,675,10,9,,,,,,,,,-1.152,3.0996,-0.2523,166.48,-86.78,-173.4,99.36,33.4738461538462,77,77
NIA22EYE_S1_161_T1_S03_L_rgb_D_E_T_042.png,L,rgb,D,E,161,970,677.5,9,8.5,869,675.5,9,8.5,,,,,,,,,-4.3787,-0.3384,-0.2087,166.67,-86.82,-173.38,77.76,943.089230769215,77,77
NIA22EYE_S1_161_T1_S03_L_rgb_D_E_T_050.png,L,rgb,D,E,161,968,677,9,9,867.5,675.5,10.5,9.5,,,,,,,,,-4.3787,-0.3384,-0.2087,166.67,-86.82,-173.38,77.76,943.089230769215,77,77
NIA22EYE_S1_161_T1_S03_L_rgb_D_E_T_071.png,L,rgb,D,E,161,968.5,679.5,9.5,8.5,868.5,677,10.5,9,,,,,,,,,-4.3787,-0.3384,-0.2087,166.67,-86.82,-173.38,77.76,943.089230769215,77,77
NIA22EYE_S1_161_T1_S03_L_rgb_D_E_T_073.png,L,rgb,D,E,161,970.5,680.5,9.5,8.5,869,678,10,9,,,,,,,,,-4.3787,-0.3384,-0.2087,166.67,-86.82,-173.38,77.76,943.089230769215,77,77
NIA22EYE_S1_161_T1_S03_L_rgb_D_E_T_086.png,L,rgb,D,E,161,968.5,682,9.5,9,868,681,10,9,,,,,,,,,-4.3787,-0.3384,-0.2087,166.67,-86.82,-173.38,77.76,943.089230769215,77,77
